"Status","Start Time","Stop Time","Duration in ms","Parent Suite","Suite","Sub Suite","Test Class","Test Method","Name","Description"
"broken","Thu Apr 20 16:28:47 GMT 2023","Thu Apr 20 16:28:58 GMT 2023","10753","tests","test_carb_calculator","TestCarbCalc","","","test_car_calculator_with_invalid_boundary_age_value[81]","
        This test verifies that the calculator displays error message with in valid age boundary values
        "
"broken","Thu Apr 20 16:28:03 GMT 2023","Thu Apr 20 16:28:15 GMT 2023","11217","tests","test_carb_calculator","TestCarbCalc","","","test_correct_results_with_miffin_st_joer_formula","
        This test verifies that the calculator displays correct results for male using Mifflin St Jeor formula.
        "
"broken","Thu Apr 20 16:28:15 GMT 2023","Thu Apr 20 16:28:26 GMT 2023","10781","tests","test_carb_calculator","TestCarbCalc","","","test_car_calculator_with_valid_boundary_age_value[18]","
        This test verifies that the calculator displays results with valid age boundary values
        "
"broken","Thu Apr 20 16:28:36 GMT 2023","Thu Apr 20 16:28:47 GMT 2023","10724","tests","test_carb_calculator","TestCarbCalc","","","test_car_calculator_with_invalid_boundary_age_value[17]","
        This test verifies that the calculator displays error message with in valid age boundary values
        "
"broken","Thu Apr 20 16:28:26 GMT 2023","Thu Apr 20 16:28:36 GMT 2023","10805","tests","test_carb_calculator","TestCarbCalc","","","test_car_calculator_with_valid_boundary_age_value[80]","
        This test verifies that the calculator displays results with valid age boundary values
        "
